﻿<?xml version="1.0" encoding="utf-8" ?>
<content>
  <title>Invitations</title>
  <data>
    <![CDATA[
		<h1>Why shouild I setup chat invitations</h1>
        <p>
            Sending a personalized invitation is an easy and effective way of starting a chat with a visitor. 
            Invitation can appear in your chat window with a customized message and your agent’s photo. 
            This makes it really easy to connect with your online visitors. 
        </p>
        <p>
            With invitations, you will:
            <ul>
	            <li>
		            <strong>Get more chats</strong> &ndash; the more personalized and targeted your chat invitation is, the higher the possibility of chatting with visitors
	            </li>
	            <li>
		            <strong>Turn visitors into customers</strong> &ndash; visitors invited to chat are 6.3 times more likely to convert into customers than the ones who don’t chat; 61% of those customers convert within the first chat
	            </li>
                <li>
		            <strong>Increase customer satisfaction</strong> &ndash; your customer will leave your site happy and willing to return; they can tell their friends and colleagues about the great experience they had, gaining you some new visitors
	            </li>
	            <li>
		            <strong>Sell more</strong> &ndash; the more chances you have, the higher number of buyers you will eventually get
	            </li>
            </ul>
        </p>
        
        <h2>Selecting chat window type</h2>
        
        <p>
            Chat window could be the next types - embedded or popup. 
        </p>
        <p>
            Each group could has own invitation view.
        </p>
        <p>
            Invitation's view and behaviour depends from chat window types.
            Type of chat window you can change using <a href="" target="_blank">Settings -> Chat -> Chat window</a>.
        </p>
        
        <div class="img-border">
            <img src="/content/xml/en/images/invitations-chat-window-type.png" alt=""/>
        </div>
        
        <h2>Creating an invitation</h2>
        
        <p>
            Creating a chat invitation is a simple and quick process. How to do it you can find below.
        </p>
        

        <h2>Creating an invitation for embedded chat window.</h2>
        
        <p>
            Follow the steps below to create your invitation: 
            <ol>    
                <li>
                    You can change invitation's settings in section <a href="" target="_blank">Settings -> Chat -> Invitations</a>.
                    There you can see how invitation will look in visitor's browser.
                </li>
            </ol>
        </p>
        
        <div class="img-border">
            <img src="/content/xml/en/images/invitations-embedded-type.png" alt=""/>
        </div>
        
        <ol start="2">
            <li>
                Turn off/on automatic invitation. 
                If automatic invitation turned on then a visitor will get invitation automatically after 20 seconds spent on your website.
                Otherwise an agent could send invitation to visitor himself.
            </li>
        </ol>
        
        <div class="blockquote">
            <i class="fa fa-exclamation-triangle"></i>
            <p><strong>Note:</strong> A visitor could get invitation later than 20 seconds. It depends there are available agents on that moment or not.</p>
        </div>
        
        <ol start="3">
            <li>
                Enter custom invitation phrase.
            </li>
            <li>
                Click 'Save' button.
            </li>
        </ol>
        
        <h2>Creating an invitation for popup chat window.</h2>
        
        <p>
            Follow the steps below to create your invitation: 
            <ol>    
                <li>
                    You can change invitation's settings in section <a href="" target="_blank">Settings -> Chat -> Invitations</a>.
                    There you can see how invitation will look in visitor's browser.
                </li>
            </ol>
        </p>
        
        <div class="img-border">
            <img src="/content/xml/en/images/invitations-popup-type.png" alt=""/>
        </div>
        
        <ol start="2">
            <li>
                Turn off/on automatic invitation. 
                If automatic invitation turned on then a visitor will get invitation automatically after 20 seconds spent on your website.
                Otherwise an agent could send invitation to visitor himself.
            </li>
        </ol>
        
        <div class="blockquote">
            <i class="fa fa-exclamation-triangle"></i>
            <p><strong>Note:</strong> A visitor could get invitation later than 20 seconds. It depends there are available agents on that moment or not.</p>
        </div>
        
        <ol start="3">
            <li>
                Select an invitation image.
            </li>
        </ol>
        
        <div class="img-border">
            <img src="/content/xml/en/images/invitations-popup-presets.png" alt=""/>
        </div>
        
        <ol start="4">
            <li>
                Also you can upload own invitation image. 
                For uploaded image you can define place for invitation message and special area where visitor could click and invitation will be closed. 
            </li>
        </ol>
        
        <div class="img-border">
            <img src="/content/xml/en/images/invitations-popup-custom.png" alt=""/>
        </div>
        
        <ol start="5">
            <li>
                Enter custom invitation phrase.
            </li>
            <li>
                Select an invitation position.
            </li>
            <li>
                Select a transition effect.
            </li>
            <li>
                Click 'Save' button
            </li>
        </ol>
	]]>
  </data>
</content>