﻿<?xml version="1.0" encoding="utf-8" ?>
<content>
    <title>Приглашения</title>
    <data>
        <![CDATA[
		<h1>Почему я должен использовать приглашения</h1>
        <p>
            Отправка персонализированного приглашение является простым и эффективным способом начать беседу с посетителем.
            Приглашение может появиться в окне чата с индивидуальным сообщением и фотографией вашего агента.
            Это легко помогает установить связь с вашими посетителями.
        </p>
        <p>
            С помощью приглашений вы:
            <ul>
	            <li>
		            <strong>Получите больше чатов</strong> &ndash; чем больше персонализировано и целенаправлено ваше приглашение, тем выше возможность чата с посетителями
	            </li>
	            <li>
		            <strong>Превратите посетителей в клиентов</strong> &ndash; приглашенные  посетители в 6,3 раза чаще превращаются в клиентов, чем те, кто не чатился; из них 61% клиентов в течение первого чате
	            </li>
                <li>
                    <strong>Повысите удовлетворенность клиентов</strong> &ndash; ваш клиент покинет ваш сайт счастливым и готовым вернуться; они могут рассказать своим друзьям и коллегам об их отличном опыте, что даст вам несколько новых посетителей
	            </li>
	            <li>
		            <strong>Продадите больше</strong> &ndash;чем выше число покупателей, тем больше вы заработаете
	            </li>
            </ul>
        </p>
        
        <h2>Выбор типа окна чата</h2>
        
        <p>
            Окно чата может быть двух типов - встроенное и всплывающее. 
        </p>
        <p>
            Каждая группа может иметь собственный вид приглашения.
        </p>
        <p>
            Вид и поведение приглашения зависит от того какой тип чат окна выбран. 
            Для изменения типа окна чата пройдите по следующей ссылке <a href="" target="_blank">Настройки -> Чат -> Окно чата</a>.
        </p>    
        <div class="img-border">
            <img src="/content/xml/ru/images/invitations-chat-window-type.png" alt=""/>
        </div>
        
        <h2>Создание приглашения</h2>
        
        <p>
            Создание приглашения простой и быстрый процесс. Создание приглашения для встроенного и высплывающего окон чата описано ниже.
        </p>
        

        <h2>Создание приглашения для встроенного окна чата.</h2>
        <p>
            Для создания приглашения следуйте следующим шагам:
            <ol>    
                <li>
                    Настройка приглашения производится в секции <a href="" target="_blank">Настройки -> Чат -> Приглашения</a>.
                    Здесь вы увидите как будет выглядеть ваше приглашение в браузере посетителя.
                </li>
            </ol>
        </p>
        
        <div class="img-border">
            <img src="/content/xml/ru/images/invitations-embedded-type.png" alt=""/>
        </div>
        
        <ol start="2">
            <li>
                Включите или выключите автоматическое приглашение. 
                Если включено автоматическое приглашение, то посетитель получит приглашение после 20 секунд проведенных на странице вашего сайта. 
                Если автоматическое приглашение отключено, то агент сам сможет отправить приглашение посетителю.
            </li>
        </ol>
        
        <div class="blockquote">
            <i class="fa fa-exclamation-triangle"></i>
            <p><strong>Замечание:</strong> Посетитель может получить приглашение позже чем через 20 секунд, это зависит от занятости агентов в данный момент.</p>
        </div>
        
        <ol start="3">
            <li>
                Введите собственную фразу приглашения.
            </li>
            <li>
                Нажмите кнопку 'Сохранить'.
            </li>
        </ol>
        
        <h2>Создание приглашения для всплывающего окна чата.</h2>
        
        <p>
            Для создания приглашения следуйте следующим шагам:
            <ol>    
                <li>
                    Настройка приглашения производится в секции <a href="" target="_blank">Настройки -> Чат -> Приглашения</a>.
                    Здесь вы увидите как будет выглядеть ваше приглашение в браузере посетителя.
                </li>
            </ol>
        </p>
        
        <div class="img-border">
            <img src="/content/xml/ru/images/invitations-popup-type.png" alt=""/>
        </div>
        
        <ol start="2">
            <li>
                Включите или выключите автоматическое приглашение. 
                Если включено автоматическое приглашение, то посетитель получит приглашение после 20 секунд проведенных на странице вашего сайта. 
                Если автоматическое приглашение отключено, то агент сам сможет отправить приглашение посетителю.
            </li>
        </ol>
        
        <div class="blockquote">
            <i class="fa fa-exclamation-triangle"></i>
            <p>
                <strong>Замечание:</strong> Посетитель может получить приглашение позже чем через 20 секунд, это зависит от занятости агентов в данный момент.
            </p>
        </div>
        
        <ol start="3">
            <li>
                Выберите картинку-приглашение которая будет показана на странице вашего сайта.
            </li>
        </ol>
        
        <div class="img-border">
            <img src="/content/xml/ru/images/invitations-popup-presets.png" alt=""/>
        </div>
        
        <ol start="4">
            <li>
                Также вы можете загрузить свою картинку-приглашение. 
                Для загруженной картинки необходимо выбрать где будет расположе текст приглашения и задать область при клике на которую приглашение будет закрыто. 
            </li>
        </ol>
        
        <div class="img-border">
            <img src="/content/xml/ru/images/invitations-popup-custom.png" alt=""/>
        </div>
        
        <ol start="5">
            <li>
                Введите собственную фразу приглашения.
            </li>
            <li>
                Выберите положение на странице где будет показано приглашение.
            </li>
            <li>
                Выберите эффект появления приглашения.
            </li>
            <li>
                Нажмите кнопку 'Сохранить'.
            </li>
        </ol>
	]]>
    </data>
</content>