﻿<?xml version="1.0" encoding="utf-8" ?>
<content>
    <title>Zendesk</title>
    <data>
        <![CDATA[
		<div class="content-header">
            <img src="/content/xml/en/images/zendesk-logo-small.png" alt="" />    
            <button class="k-button" onclick="alert('add link to settings')">INSTALL</button>
        </div>
    
        <p>
            LiveHelp integration with Zendesk allows you to keep chat communication with customers in one place. 
            Using this integration, you will be able to forward your offline messages from customers directly to Zendesk, create Zendesk tickets on-the-fly during chats with customers.
        </p>
    
        <h4>Installation</h4>
    
        <p>
            In order to install this integration, go through the following steps:
        </p>
    
        <ol start="1">
            <li>
               Login to the <a href="https://www.zendesk.com/" target="_blank">Zendesk</a> website.
            </li>
            <li>
               Navigate to the settings page by clicking gear icon in left bottom corner of zendesk website.
            </li>
        </ol>
        
        <div class="img-border">
           <img src="/Content/xml/en/images/zendesk-settings-icon.png" />
        </div>
        
        <ol start="3">
            <li>
               Select <strong>API</strong> from the <strong>Channels</strong> section.
            </li>
        </ol>
        
        <div class="img-border">
           <img src="/Content/xml/en/images/zendesk-api-item.png" />
        </div>      
        
        <ol start="4">
            <li>
                In the settings tab check <strong>Token Access</strong> checkbox. This will generate security token. Press <strong>Save</strong> button to save changes.
            </li>
        </ol>
    
        <div class="img-border">
           <img src="/Content/xml/en/images/zendesk-api-page.png" />
        </div>      
    
        <ol start="5">
            <li>
                In LiveHelp integration section fill the required fields.
            </li>
            <li>
                Also you can set the next options:
                <ul>
                    <li>
                        <strong>Send all transcripts automatically</strong> - when chat has finished a chat transcript will be added as ticket.<br/>
                        If you selected Yes then next options will be availabled:
                        <ul>
                            <li><strong>Mark ticket as New|Open|Pending|Solved</strong> - created ticked will be marked with selected.</li>
                            <li><strong>Automatically assign tickets to the Zendesk agent with the same email address as the Livehelp agent</strong></li>
                        </ul>
                    </li>
                    <li>
                        <strong>Send offline messages automatically</strong> - when visitor send offline message it will added as ticket to Zendesk.<br/>
                        If you selected Yes then next option will be availabled:
                        <ul>
                            <li><strong>Mark ticket as New|Open|Pending|Solved</strong> - created ticked will be marked a with selected.</li>
                        </ul>
                    </li>
                </ul>
            </li>
        </ol>
    
        <div class="img-border">
          <img src="/Content/xml/en/images/zendesk-integration-page.png" />
        </div>
          
        <ol start="7">
            <li>
                Press <strong>Connect</strong> button.
            </li>
        </ol>
    
        <p>  
            After checking you credentials, the information about integration will be saved.
        </p>
        
        <h2>Information about visitor in the chat window</h2>
        
        <p>
            When your Zendesk customer starts a chat, he or she will be recognized and the stored information about the customer will be automatically placed in the chat window.
        </p>
        
        <div class="img-border">
            <img src="/content/xml/en/images/zendesk-visitor-details.png" alt=""/>
        </div>
        
        <h2>Adding tickets through chat</h2>

        <p>
            Also you have an ability to create ticket with chat transcripts manually.
            For adding a ticket to Zendesk, you need to click on special button in chat window header and then on Add to Zendesk. 
        </p>
        
        <div class="img-border">
            <img src="/content/xml/en/images/zendesk-adding-to.png" alt=""/>
        </div>
        
        <p>
            A special page will be opened where you can create a ticket or attach chat transcript to existing end-user.
        </p>
	]]>
    </data>
</content>