﻿<?xml version="1.0" encoding="utf-8" ?>
<content>
  <title>Invitations</title>
  <data>
    <![CDATA[
		<h1>Why should I setup chat invitations?</h1>
        <p>
            Sending a personalized invitation is an easy and effective way of starting a chat with a visitor. 
            The Invitation can appear in your chat window with a customized message and your agent’s photo. 
            This makes it really easy to connect with your online visitors. 
        </p>
        <p>
            With invitations, you will:
            <ul>
	            <li>
		            <strong>Get more chats</strong> &ndash; the more personalized and targeted your chat invitation is, the higher the possibility of chatting with visitors
	            </li>
	            <li>
		            <strong>Turn visitors into customers</strong> &ndash; visitors that get invited to a chat are 6.3 times more likely to convert into customers than the ones who don’t; 61% of those customers convert within the first chat
	            </li>
                <li>
		            <strong>Increase the customer satisfaction</strong> &ndash; your customers will leave your site happy and will return back to your site.  They will refer their friends and colleagues about great customer experience which might yield to increase of new visitors.
	            </li>
	            <li>
		            <strong>Sell more</strong> &ndash; the more chances you have, the higher number of buyers you will eventually get
	            </li>
            </ul>
        </p>
        
        <h2>Selecting a chat window type</h2>        
        <p>
            The chat window can be either embedded or popup.  Each group can have its own invitation view.  Invitation’s view and behavior depend from chat window types.
            You can change the Type of chat window using <a href="" target="_blank">Settings -> Chat -> Chat window</a>.
        </p>
        
        <div class="img-border">
            <img src="/content/xml/en/images/invitations-chat-window-type.png" alt=""/>
        </div>
        
        <h2>Creating an invitation for embedded chat window</h2>
        
        <p>
            Follow the steps below to create your invitation: 
            <ol>    
                <li>
                    You can change invitation’s settings in section <a href="" target="_blank">Settings -> Chat -> Invitations</a>.
                    There you can see how the invitation will look in visitor’s browser.
                </li>
            </ol>
        </p>
        
        <div class="img-border">
            <img src="/content/xml/en/images/invitations-embedded-type.png" alt=""/>
        </div>
        
        <ol start="2">
            <li>
                Turn the automatic invitation off/on. 
                If automatic invitation is turned on then the visitor will get the invitation automatically after 20 seconds spent on your website.
                Otherwise an agent can send the invitation to the visitor himself.
            </li>
        </ol>
        
        <div class="blockquote">
            <i class="fa fa-exclamation-triangle"></i>
            <p>A visitor could get the invitation later than 20 seconds. It depends if there are available agents at the present time.</p>
        </div>
        
        <ol start="3">
            <li>
                Enter a custom invitation phrase
            </li>
            <li>
                Click the <strong>Save</strong> button
            </li>
        </ol>
        
        <h2>Creating an invitation for popup chat window</h2>
        
        <p>
            Follow the steps below to create your invitation: 
            <ol>    
                <li>
                    You can change the invitation’s settings in section <a href="" target="_blank">Settings -> Chat -> Invitations</a>.
                    There you can see how the invitation will look in your visitor’s browser.
                </li>
            </ol>
        </p>
        
        <div class="img-border">
            <img src="/content/xml/en/images/invitations-popup-type.png" alt=""/>
        </div>
        
        <ol start="2">
            <li>
                Turn the automatic invitation off/on. 
                If automatic invitation is turned on then a visitor will get the invitation automatically after 20 seconds spent on your website.
                Otherwise an agent can send the invitation to the visitor himself.
            </li>
        </ol>
        
        <div class="blockquote">
            <i class="fa fa-exclamation-triangle"></i>
            <p>A visitor could get the invitation later than 20 seconds. It depends if there are available agents at the present time.</p>
        </div>
        
        <ol start="3">
            <li>
                Select an invitation image.
            </li>
        </ol>
        
        <div class="img-border">
            <img src="/content/xml/en/images/invitations-popup-presets.png" alt=""/>
        </div>
        
        <ol start="4">
            <li>
                You can also upload your own invitation image. 
                When uploading an image you can define the placement of the invitation message and define the area where the visitor can click to close the invitation window. 
            </li>
        </ol>
        
        <div class="img-border">
            <img src="/content/xml/en/images/invitations-popup-custom.png" alt=""/>
        </div>
        
        <ol start="5">
            <li>
                Enter your custom invitation phrase
            </li>
            <li>
                Select the invitation position
            </li>
            <li>
                Select a transition effect
            </li>
            <li>
                Click the <strong>Save</strong> button
            </li>
        </ol>
	]]>
  </data>
</content>