﻿<?xml version="1.0" encoding="utf-8" ?>
<statuses>
  <date date-title="13 May 2014">
    <status time-title="12:06am">Connectivity issues has been resolved. Please contact support@livechatinc.com for questions.</status>
    <status time-title="11:09am">Connectivity issues has been resolved. Please contact support@livechatinc.com for questions.</status>
  </date>
  <date date-title="12 May 2014">
    <status time-title="12:06am">Connectivity issues has been resolved. Please contact support@livechatinc.com for questions.</status>
    <status time-title="11:09am">Connectivity issues has been resolved. Please contact support@livechatinc.com for questions.</status>
  </date>
  <date date-title="11 May 2014">
    <status time-title="12:06am">Connectivity issues has been resolved. Please contact support@livechatinc.com for questions.</status>
    <status time-title="11:09am">Connectivity issues has been resolved. Please contact support@livechatinc.com for questions.</status>
  </date>
</statuses>